Dimension,Tiempo
10,0.0016135
50,0.0494728
100,0.397593
200,3.18461
500,49.4983
