Dimension,Tamaño de Bloque,Tiempo
10,16,0.00264764
50,16,0.0644625
100,16,0.504401
200,16,3.94461
500,16,61.9651
