Dimension,Tiempo
10,0.00132835
50,0.0214559
100,0.166353
200,1.28892
500,20.3029
