Dimension,Row-major,Column-major
4000,0.848841,0.90351
4050,0.864496,0.924706
4100,1.09738,1.14324
4150,1.12838,1.17281
4200,0.922837,0.996407
4250,1.18364,1.23002
4300,0.971288,1.07145
4350,0.997825,1.08882
4400,1.02546,1.09837
4450,1.04213,1.13777
4500,1.12423,1.14117
4550,1.09221,1.17825
4600,1.10474,1.19433
4650,1.14634,1.23589
4700,1.16042,1.25972
4750,1.17719,1.27218
4800,1.20769,1.31542
4850,1.23071,1.32601
4900,1.54759,1.6168
4950,1.28009,1.39293
5000,1.30391,1.40864
